Drives,/dev/nvme0n1:/dev/nvme1n1:/dev/nvme2n1:/dev/nvme3n1:/dev/nvme4n1:/dev/nvme5n1
Model,NVMF-DM-DEV
Serial,Abstract Targets
AvailCapacity,4464,GiB
TestedCapacity,4464,GiB
Targets,6
EachTargetSize,744,GiB
CPU,Intel Xeon CPU E5-2650 v4 @ 2.20GHz
Cores,48
Frequency,2200
OS,Linux host1 4.9.64 #1 SMP Sun Nov 26 09:05:27 IST 2017 x86_64 x86_64
FIOVersion,fio-3.2-72-ge80d
QD1 Read Exceedance,,QD1 Write Exceedance,,,QD4 Read Exceedance,,QD4 Write Exceedance,,,QD16 Read Exceedance,,QD16 Write Exceedance,,,QD32 Read Exceedance,,QD32 Write Exceedance
rdusec,rdpct,wrusec,wrpct,,rdusec,rdpct,wrusec,wrpct,,rdusec,rdpct,wrusec,wrpct,,rdusec,rdpct,wrusec,wrpct
8.896,0.999999271423,0.382,0.99999927155,,1.272,0.999999800668,0.382,0.9999998007,,2.384,0.999999938612,0.442,0.999999938622,,3.184,0.999999963107,0.466,0.99999996312,,
9.92,0.999998542847,0.398,0.9999985431,,15.04,0.999999601336,0.414,0.999999601401,,8.16,0.999999877223,0.74,0.999999877245,,6.752,0.999999926214,0.486,0.99999992624,,
14.144,0.99999781427,0.668,0.99999781465,,15.936,0.999999402004,0.426,0.999999402101,,16.512,0.999999815835,1.768,0.999999815867,,10.048,0.999999889321,0.652,0.99999988936,,
22.4,0.999996357116,1.72,0.9999970862,,19.072,0.999999202671,0.438,0.999999202802,,17.024,0.999999754447,2.024,0.999999754489,,12.992,0.999999852428,0.684,0.99999985248,,
22.656,0.999991985656,2.224,0.99999635775,,20.608,0.999998804007,0.454,0.999999003502,,18.304,0.999999693058,2.192,0.999999693112,,13.248,0.999999815535,0.892,0.9999998156,,
22.912,0.999990528502,2.288,0.999995629301,,20.864,0.999998604675,0.588,0.999998804203,,18.56,0.99999963167,3.536,0.999999631734,,14.272,0.999999778642,0.924,0.99999977872,,
23.168,0.999988342772,2.384,0.999994900851,,21.376,0.999998405343,0.988,0.999998604903,,20.352,0.999999570282,5.856,0.999999508979,,16.512,0.999999741749,1.816,0.99999974184,,
23.424,0.999985428465,4.256,0.999994172401,,21.632,0.999997608014,1.464,0.999998206304,,20.864,0.999999508893,6.112,0.999999447601,,18.56,0.999999667963,1.96,0.99999970496,,
23.68,0.999981785581,4.384,0.999993443951,,21.888,0.999997010018,2.224,0.999998007005,,21.12,0.999999386117,6.176,0.999999324846,,19.328,0.99999963107,2.448,0.99999966808,,
23.936,0.999978871274,4.64,0.999992715501,,22.144,0.999996810685,4.128,0.999997807705,,21.376,0.99999926334,6.24,0.999999140713,,19.584,0.999999557285,3.12,0.9999996312,,
24.192,0.999975228391,4.768,0.999991987051,,22.4,0.999995614693,4.896,0.999997608406,,21.632,0.999999201952,6.368,0.999999017957,,19.84,0.999999520392,3.376,0.99999959432,,
24.448,0.999972314084,4.96,0.999991258601,,22.656,0.999995216028,5.664,0.999997409106,,22.144,0.999999079175,6.816,0.99999895658,,20.096,0.999999483499,4.256,0.99999955744,,
24.704,0.999965028316,5.344,0.999990530151,,22.912,0.999994817364,5.856,0.999997209807,,22.4,0.99999889501,7.136,0.999998895202,,20.608,0.999999446606,4.384,0.99999952056,,
24.96,0.999959199702,5.664,0.999989801701,,23.168,0.9999944187,6.176,0.999997010507,,22.656,0.999998772233,7.584,0.999998833824,,21.12,0.999999409713,4.576,0.99999948368,,
25.216,0.999953371088,5.728,0.999989073251,,23.424,0.999993621371,6.304,0.999996811208,,22.912,0.999998710845,7.648,0.999998772447,,21.632,0.99999937282,4.64,0.99999940992,,
25.472,0.999942442437,6.944,0.999988344802,,23.68,0.999993222707,6.944,0.999996611908,,23.168,0.999998588068,7.712,0.999998649691,,21.888,0.999999262141,4.704,0.99999937304,,
25.728,0.99993515667,7.136,0.999987616352,,23.936,0.999991827382,7.008,0.999996412609,,23.424,0.99999815835,7.904,0.999998588314,,22.144,0.999999188355,4.768,0.99999933616,,
25.984,0.999921313711,8.032,0.999986887902,,24.192,0.999990830721,7.072,0.999996213309,,23.68,0.999997912797,7.968,0.999998526936,,22.4,0.999999114569,5.216,0.9999992624,,
26.24,0.99991038506,8.096,0.999986159452,,24.448,0.999989236063,7.2,0.99999601401,,23.936,0.999997728632,8.096,0.999998465558,,22.656,0.999998930104,5.344,0.99999922552,,
26.496,0.999892899218,8.256,0.999985431002,,24.704,0.999987840738,7.52,0.99999581471,,24.192,0.999997298913,8.16,0.999998404181,,22.912,0.99999874564,5.664,0.99999918864,,
26.752,0.999875413376,8.512,0.999984702552,,24.96,0.99998524942,7.584,0.999995615411,,24.448,0.999996807807,8.384,0.999998220048,,23.168,0.999998634961,5.792,0.99999915176,,
27.008,0.99984554173,8.64,0.999981788752,,25.216,0.99998245877,7.648,0.999995416111,,24.704,0.999996378088,8.512,0.99999815867,,23.424,0.999998302924,6.048,0.99999911488,,
27.264,0.999793812781,9.024,0.999980331853,,25.472,0.999980266116,7.776,0.999995216812,,24.96,0.999995702817,8.64,0.999997974537,,23.68,0.999998155352,6.112,0.99999904112,,
27.52,0.999720226529,9.536,0.999978874953,,25.728,0.999977674798,8.256,0.999995017512,,25.216,0.999994904768,8.896,0.999997790404,,23.936,0.999997823316,6.24,0.99999900424,,
27.776,0.999602197096,9.664,0.999978146503,,25.984,0.99997408682,8.384,0.999994818213,,25.472,0.999993615613,9.152,0.999997667649,,24.192,0.999997454386,6.304,0.999998967361,,
28.032,0.999389452686,9.792,0.999977418053,,26.24,0.999967309526,8.512,0.999994021015,,25.728,0.999991282857,9.28,0.999997606271,,24.448,0.999997048564,6.368,0.999998930481,,
28.288,0.999063050303,9.92,0.999973775804,,26.496,0.999960133568,8.64,0.999993423116,,25.984,0.999988704547,9.408,0.999997422138,,24.704,0.999996421384,6.496,0.999998893601,,
28.544,0.99855086085,10.048,0.999971590454,,26.752,0.999947575643,8.768,0.999992825218,,26.24,0.999984714305,9.536,0.999997238005,,24.96,0.999995867989,6.56,0.999998856721,,
28.8,0.997865998708,10.304,0.999970133554,,27.008,0.999929237084,8.896,0.999992426619,,26.496,0.999979926015,9.664,0.999997115249,,25.216,0.99999487188,6.624,0.999998819841,,
29.056,0.996936334778,10.432,0.999969405104,,27.264,0.999902327243,9.024,0.99999182872,,26.752,0.99997311191,9.792,0.999997053872,,25.472,0.999993506841,6.752,0.999998782961,,
29.312,0.995893012876,10.56,0.999966491304,,27.52,0.999875417402,9.152,0.999991031522,,27.008,0.999963167,9.92,0.999996808361,,25.728,0.999991920444,6.944,0.999998746081,,
29.568,0.994930562993,10.688,0.999962849055,,27.776,0.999826979687,9.28,0.999990433624,,27.264,0.999952792371,10.048,0.999996624228,,25.984,0.99999000201,7.008,0.999998709201,,
29.824,0.994183771827,10.816,0.999961392155,,28.032,0.999770568687,9.408,0.999990035025,,27.52,0.999939900821,10.176,0.999996194584,,26.24,0.999987530183,7.2,0.999998672321,,
30.08,0.993645353611,10.944,0.999955564556,,28.288,0.999699207774,9.536,0.999989237827,,27.776,0.999923448747,10.304,0.999995949074,,26.496,0.999984136031,7.392,0.999998635441,,
30.336,0.993279608084,11.072,0.999952650756,,28.544,0.999629242187,9.664,0.999987444131,,28.032,0.999907856111,10.432,0.999995335297,,26.752,0.999980225378,7.584,0.999998487921,,
30.592,0.993020234762,11.2,0.999947551607,,28.8,0.99953894472,9.792,0.999986447634,,28.288,0.999887904902,10.56,0.999994598765,,27.008,0.999975134151,7.776,0.999998414161,,
30.848,0.992843919189,11.328,0.999940995558,,29.056,0.999439278641,9.92,0.999986248334,,28.544,0.99986991812,10.688,0.999993862233,,27.264,0.99996974778,7.84,0.999998377281,,
31.104,0.992724432603,11.456,0.999935167959,,29.312,0.999320277343,10.048,0.999985650436,,28.8,0.999849966912,10.816,0.999993187079,,27.52,0.999964472088,8.032,0.999998340401,,
31.36,0.992626803319,11.584,0.99992861191,,29.568,0.999195096748,10.176,0.999984853238,,29.056,0.999827437393,10.944,0.99999208228,,27.776,0.999957536213,8.096,0.999998303521,,
31.616,0.992546659876,11.712,0.99992569811,,29.824,0.999059550881,10.304,0.999984653938,,29.312,0.9998058287,11.072,0.999991529881,,28.032,0.999951596448,8.16,0.999998266641,,
31.872,0.992489102313,11.84,0.999919142061,,30.08,0.998925799003,10.432,0.999982660943,,29.568,0.999785754714,11.2,0.999990179573,,28.288,0.999945324647,8.256,0.999998119121,,
32.128,0.992449030592,11.968,0.999912586012,,30.336,0.99880081774,10.56,0.999982063045,,29.824,0.999762549924,11.328,0.999988767886,,28.544,0.999938388772,8.384,0.999998082241,,
32.384,0.992411873178,12.096,0.999907486862,,30.592,0.998691185054,10.688,0.999981265847,,30.08,0.999742291774,11.456,0.9999873562,,28.8,0.999929903393,8.512,0.999998008481,,
32.64,0.992381272955,12.224,0.999900202363,,30.848,0.998608462208,10.816,0.999979671451,,30.336,0.999724427769,11.584,0.999986005891,,29.056,0.999922192766,8.64,0.999997860961,,
33.024,0.992333915466,12.352,0.999887818715,,31.104,0.99853191866,10.944,0.999978475654,,30.592,0.999705274608,11.712,0.999983612162,,29.312,0.999914297675,8.768,0.999997676561,,
33.536,0.992303315243,12.48,0.999877620416,,31.36,0.998465142387,11.072,0.999976482659,,30.848,0.999687778933,11.84,0.999981095677,,29.568,0.999906365691,8.896,0.999997455281,,
34.048,0.992285100824,12.608,0.999864508318,,31.616,0.998409927379,11.2,0.999974688963,,31.104,0.99967095853,11.968,0.999978272304,,29.824,0.999898433706,9.024,0.999997344641,,
34.56,0.992271986443,12.736,0.999838284122,,31.872,0.998361888329,11.328,0.999972297369,,31.36,0.999655857,12.096,0.999975510309,,30.08,0.999889911434,9.152,0.999997197121,,
35.072,0.992255957754,12.864,0.999811331475,,32.128,0.998325609877,11.456,0.999970503674,,31.616,0.999641369353,12.224,0.999972257293,,30.336,0.999882127022,9.28,0.999996938962,,
35.584,0.99225012914,12.992,0.99977782278,,32.384,0.99828893276,11.584,0.999967713481,,31.872,0.999628661968,12.352,0.999969495298,,30.592,0.999874563967,9.408,0.999996754562,,
36.096,0.992242843373,13.12,0.999725374387,,32.64,0.998260627593,11.712,0.999965321887,,32.128,0.999616629854,12.48,0.999966242281,,30.848,0.999866890233,9.536,0.999996533282,,
36.608,0.992234829029,13.248,0.999656171646,,33.024,0.998206409246,11.84,0.999962531694,,32.384,0.999605334401,12.608,0.999961823089,,31.104,0.999860839789,9.664,0.999996348882,,
37.12,0.992229728991,13.376,0.999580412856,,33.536,0.998169532797,11.968,0.999956752008,,32.64,0.999594836996,12.736,0.999956851497,,31.36,0.999854420416,9.792,0.999996164482,,
37.632,0.992225357531,13.504,0.999492270418,,34.048,0.998143220953,12.096,0.999950175124,,33.024,0.999577586874,12.864,0.999952923326,,31.616,0.999848185507,9.92,0.999995832562,,
38.144,0.99221661461,13.632,0.999356778736,,34.56,0.998124085065,12.224,0.999943199642,,33.536,0.999560950635,12.992,0.99994807449,,31.872,0.99984272535,10.048,0.999995316242,,
38.656,0.992200585921,13.76,0.999219101705,,35.072,0.998109533818,12.352,0.999934430464,,34.048,0.999548488803,13.12,0.999942918766,,32.128,0.999837449658,10.176,0.999994726163,,
39.168,0.992182371503,13.888,0.999012950382,,35.584,0.998097374556,12.48,0.999926059885,,34.56,0.999538605282,13.248,0.999938745084,,32.384,0.999832173966,10.304,0.999994320483,,
39.68,0.992146671242,14.016,0.998790773162,,36.096,0.998088005945,12.608,0.999915497011,,35.072,0.999527678158,13.376,0.999934448647,,32.64,0.999827304097,10.432,0.999993140323,,
40.192,0.992057784879,14.144,0.998519789798,,36.608,0.998079633994,12.736,0.99990393764,,35.584,0.999517856025,13.504,0.999929661189,,33.024,0.999818560467,10.56,0.999992439604,,
40.704,0.991802783017,14.272,0.998227681388,,37.12,0.998073056033,12.864,0.999888192979,,36.096,0.99950920027,13.632,0.999925794396,,33.536,0.999809484801,10.688,0.999991443844,,
41.216,0.991398422923,14.4,0.997900607382,,37.632,0.998064684082,12.992,0.999872249019,,36.608,0.999499316748,13.76,0.999921804847,,34.048,0.999801921746,10.816,0.999990411205,,
41.728,0.990709917897,14.528,0.99753783933,,38.144,0.998052724153,13.12,0.999853714165,,37.12,0.999487652964,13.888,0.999917017389,,34.56,0.999793768404,10.944,0.999988972886,,
42.24,0.989034919955,14.656,0.997184541128,,38.656,0.99803857157,13.248,0.999835378611,,37.632,0.999471446444,14.016,0.999912168553,,35.072,0.999785098561,11.072,0.999987313286,,
42.752,0.977355834698,14.784,0.996839984324,,39.168,0.998013854382,13.376,0.999812459169,,38.144,0.999446093062,14.144,0.999907135584,,35.584,0.999775432608,11.2,0.999985543047,,
43.264,0.943128027692,14.912,0.996475759373,,39.68,0.997966612661,13.504,0.999787347431,,38.656,0.999376478691,14.272,0.999901488838,,36.096,0.999763147255,11.328,0.999983735928,,
43.776,0.869187687927,15.04,0.996183650962,,40.192,0.997861365282,13.632,0.999761438496,,39.168,0.999177948819,14.4,0.999897376534,,36.608,0.999746545427,11.456,0.999981523129,,
44.288,0.663825945929,15.168,0.995919952097,,40.704,0.997583496254,13.76,0.999731344271,,39.68,0.998551051152,14.528,0.999892343565,,37.12,0.999723856262,11.584,0.999978830891,,
44.8,0.450554774764,15.296,0.995717443024,,41.216,0.996779390331,13.888,0.999697861955,,40.192,0.996797800333,14.656,0.999887371974,,37.632,0.999686778847,11.712,0.999976950012,,
45.312,0.340307269957,15.424,0.995541886598,,41.728,0.99455922876,14.016,0.999666970532,,40.704,0.992464827554,14.784,0.999883075537,,38.144,0.999630480203,11.84,0.999974995372,,
45.824,0.281182538347,15.552,0.995399110417,,42.24,0.989318188342,14.144,0.999633886815,,41.216,0.982968850332,14.912,0.999877919813,,38.656,0.999522937251,11.968,0.999972229374,,
46.336,0.240213939276,15.68,0.995284743782,,42.752,0.978404952049,14.272,0.999591436021,,41.728,0.964635285769,15.04,0.999873868886,,39.168,0.999290511661,12.096,0.999968799536,,
46.848,0.192232060437,15.808,0.995195144444,,43.264,0.958062308043,14.4,0.999546195034,,42.24,0.933815149904,15.168,0.999870370359,,39.68,0.998691296352,12.224,0.999965922897,,
47.36,0.140812027928,15.936,0.995118657205,,43.776,0.921388779035,14.528,0.999500156849,,42.752,0.88860147553,15.296,0.999866564943,,40.192,0.997047309565,12.352,0.999962714339,,
47.872,0.110905409609,16.064,0.995059652763,,44.288,0.86278711804,14.656,0.999457108156,,43.264,0.829850384352,15.424,0.999862268506,,40.704,0.99290179624,12.48,0.9999598377,,
48.384,0.0951076800003,16.192,0.99500720437,,44.8,0.783477835859,14.784,0.999410272773,,43.776,0.761187839708,15.552,0.99985901549,,41.216,0.983876157152,12.608,0.999956702902,,
48.896,0.0847218184693,16.32,0.994956941326,,45.312,0.681248744207,14.912,0.999362839492,,44.288,0.687486601996,15.68,0.999854841808,,41.728,0.967060866618,12.736,0.999953568103,,
49.408,0.0777333103103,16.512,0.994873898037,,45.824,0.554414689026,15.04,0.999320189398,,44.8,0.612773070657,15.808,0.999851159148,,42.24,0.940225819539,12.864,0.999950691465,,
49.92,0.0728853606346,16.768,0.994819992745,,46.336,0.431977303243,15.168,0.999278137203,,45.312,0.541193045438,15.936,0.999847353732,,42.752,0.902611537628,12.992,0.999946376507,,
50.432,0.0693240774943,17.024,0.994763902102,,46.848,0.339339078352,15.296,0.999235885709,,45.824,0.475101566999,16.064,0.999843548317,,43.264,0.855167128941,13.12,0.999942762269,,
50.944,0.0663944703939,17.28,0.994733307206,,47.36,0.274608352177,15.424,0.999200609697,,46.336,0.416204248809,16.192,0.999840418056,,43.776,0.80039017247,13.248,0.99993966435,,
51.456,0.0636950935456,17.536,0.994699070061,,47.872,0.226600796691,15.552,0.999162144893,,46.848,0.364752905817,16.32,0.999837042284,,44.288,0.741046754105,13.376,0.999936197632,,
51.968,0.0612652900938,17.792,0.994677945014,,48.384,0.188787486406,15.68,0.99912746678,,47.36,0.320725438221,16.512,0.999830474873,,44.8,0.679860680412,13.504,0.999932435874,,
52.48,0.058881386977,18.048,0.994659733766,,48.896,0.159040550539,15.808,0.999097970453,,47.872,0.283707229213,16.768,0.999825135016,,45.312,0.619599845035,13.632,0.999929301075,,
52.992,0.0564625121763,18.304,0.994647350118,,49.408,0.136604121551,15.936,0.99906747763,,48.384,0.252860082481,17.024,0.999819181381,,45.824,0.562114687715,13.76,0.999925576197,,
53.504,0.0541572953483,18.56,0.99463423802,,49.92,0.11984008777,16.064,0.999038778501,,48.896,0.227587180643,17.28,0.999814393923,,46.336,0.508720847974,13.888,0.999922367639,,
54.016,0.0518214782968,18.816,0.994618940572,,50.432,0.107270401248,16.192,0.999015061861,,49.408,0.206725583097,17.536,0.999810465752,,46.848,0.460052921462,14.016,0.999918864041,,
54.528,0.049495132743,19.072,0.994608742273,,50.944,0.0977712272801,16.32,0.998994733311,,49.92,0.189656372662,17.792,0.999805923805,,47.36,0.416633570615,14.144,0.999915803002,,
55.04,0.0473487456458,19.328,0.994599272424,,51.456,0.090538659276,16.512,0.998957464304,,50.432,0.175651852025,18.048,0.999801995634,,47.872,0.37840612786,14.272,0.999912741964,,
55.552,0.0452701161861,19.584,0.994591987925,,51.968,0.0851010773504,16.768,0.998924978486,,50.944,0.164142153282,18.304,0.999798558484,,48.384,0.345225087398,14.4,0.999909459645,,
56.064,0.0433554164945,19.84,0.994582518076,,52.48,0.0808443391262,17.024,0.998900464647,,51.456,0.154627698171,18.56,0.999795121334,,48.896,0.31663249703,14.528,0.999906619887,,
56.576,0.0416002751106,20.096,0.994578147377,,52.992,0.0774704430277,17.28,0.998876947306,,51.968,0.146703385076,18.816,0.999791684185,,49.408,0.292125247584,14.656,0.999903669488,,
57.088,0.0400061491877,20.352,0.994575962027,,53.504,0.074729027865,17.536,0.998856818056,,52.48,0.140061290113,19.072,0.999788492546,,49.92,0.2712137696,14.784,0.999901419809,,
57.6,0.0385366098887,20.608,0.994571591328,,54.016,0.0724052135724,17.792,0.998838083903,,52.992,0.134414115879,19.328,0.99978548504,,50.432,0.253538615059,14.912,0.999898690691,,
58.112,0.0371938429436,20.864,0.994563578379,,54.528,0.0704081046861,18.048,0.998822737841,,53.504,0.129589238379,19.584,0.999781741002,,50.944,0.238563876953,15.04,0.999896182852,,
58.624,0.0358576331893,21.12,0.994561393029,,55.04,0.0686173045827,18.304,0.998810779871,,54.016,0.125390583275,19.84,0.999778917629,,51.456,0.225927266506,15.168,0.999893785653,,
59.136,0.0345505665048,21.376,0.99455629388,,55.552,0.0670090927357,18.56,0.998795832408,,54.528,0.121713115126,20.096,0.999776339767,,51.968,0.215226170944,15.296,0.999891277814,,
59.648,0.0331852136806,21.632,0.99455265163,,56.064,0.0654945670027,18.816,0.998785668134,,55.04,0.118451184611,20.352,0.999773270884,,52.48,0.206156813709,15.424,0.999888585576,,
60.16,0.0317615747166,21.888,0.994550466281,,56.576,0.0640705380693,19.072,0.998776699656,,55.552,0.115579745288,20.608,0.999770508888,,52.992,0.198474594536,15.552,0.999885782697,,
60.672,0.0302512351197,22.144,0.994549009381,,57.088,0.0627098967619,19.328,0.998769923473,,56.064,0.113010950451,20.864,0.999767440005,,53.504,0.191893408591,15.68,0.999882979818,,
61.184,0.028748909867,22.4,0.994546095581,,57.6,0.061382743257,19.584,0.99876314729,,56.576,0.110736758229,21.12,0.999763634589,,54.016,0.186243880336,15.808,0.9998806195,,
61.696,0.0273442138985,22.656,0.994542453332,,58.112,0.0600555897521,19.84,0.998758164802,,57.088,0.108711311537,21.376,0.999759522285,,54.528,0.18137010016,15.936,0.999878332941,,
62.208,0.0260590045164,22.912,0.994540996432,,58.624,0.0587722893219,20.096,0.998752983015,,57.6,0.106895935724,21.632,0.999754182428,,55.04,0.177161057173,16.064,0.999875677582,,
62.72,0.0250091254238,23.168,0.994538811082,,59.136,0.0575186893831,20.352,0.998750790721,,58.112,0.105259384128,21.888,0.999748842571,,55.552,0.173479435814,16.192,0.999873796703,,
63.232,0.0239344747217,23.424,0.994535897283,,59.648,0.0562158544014,20.608,0.998747601929,,58.624,0.103800613147,22.144,0.999741293117,,56.064,0.170255397725,16.32,0.999871805184,,
63.744,0.0231840406721,23.68,0.994532255033,,60.16,0.0548954781899,20.864,0.998743615939,,59.136,0.102483035334,22.4,0.999732945754,,56.576,0.167440760712,16.512,0.999867527106,,
64.256,0.0227199372841,23.936,0.994530798133,,60.672,0.0534437420865,21.12,0.998741622944,,59.648,0.101285778656,22.656,0.999722634305,,57.088,0.164944251615,16.768,0.999864281668,,
64.768,0.0223745919059,24.192,0.994526427434,,61.184,0.0518801806428,21.376,0.998738035553,,60.16,0.100167405987,22.912,0.999707596776,,57.6,0.162714330982,17.024,0.99986077807,,
65.28,0.0221312472724,24.448,0.994521328285,,61.696,0.050229311714,21.632,0.99873504606,,60.672,0.0991019500618,23.168,0.999686114591,,58.112,0.160724140744,17.28,0.999857053191,,
66.048,0.0216729724984,24.704,0.994494375638,,62.208,0.0484391096072,21.888,0.998732853766,,61.184,0.0981093620893,23.424,0.999654014069,,58.624,0.158959550901,17.536,0.999853844633,,
67.072,0.0214099562927,24.96,0.994464509192,,62.72,0.0465807359024,22.144,0.99873125937,,61.696,0.0971488188271,23.68,0.99960577122,,59.136,0.157348251269,17.792,0.999850451675,,
68.096,0.0212547694455,25.216,0.994298422615,,63.232,0.0447197708796,22.4,0.998728269877,,62.208,0.0962554344023,23.936,0.999524875449,,59.648,0.155881055503,18.048,0.999846689917,,
69.12,0.021132368552,25.472,0.994050749648,,63.744,0.0429656478933,22.656,0.998725280385,,62.72,0.0954145983914,24.192,0.999379901391,,60.16,0.154543353995,18.304,0.999843223198,,
70.144,0.0210405678819,25.728,0.993691623846,,64.256,0.0413155762932,22.912,0.998720895795,,63.232,0.0946382815195,24.448,0.999123404104,,60.672,0.15328508301,18.56,0.99983979336,,
71.168,0.0209575101327,25.984,0.993341239443,,64.768,0.0399152678865,23.168,0.998714717511,,63.744,0.0939300443101,24.704,0.998657547582,,61.184,0.152087759181,18.816,0.999836179122,,
72.192,0.0208984954162,26.24,0.992971186893,,65.28,0.0387908351858,23.424,0.998708339927,,64.256,0.0932915442481,24.96,0.997864302562,,61.696,0.150955698981,19.072,0.999832085444,,
73.216,0.0208358378159,26.496,0.992590207594,,66.048,0.0373173718773,23.68,0.998698374952,,64.768,0.0927210010718,25.216,0.996545726058,,62.208,0.149879310245,19.328,0.999828508086,,
74.24,0.0207790088296,26.752,0.992215784344,,67.072,0.0364401110519,23.936,0.998687612779,,65.28,0.0922041726878,25.472,0.994428810188,,62.72,0.148850476522,19.584,0.999824598808,,
75.264,0.0207338370713,27.008,0.9917947403,,68.096,0.0358881603077,24.192,0.998670074422,,66.048,0.0913504451268,25.728,0.991140071824,,63.232,0.147874067683,19.84,0.99981925121,,
76.288,0.0206944939269,27.264,0.991280454669,,69.12,0.0355429170108,24.448,0.998651938168,,67.072,0.090665842426,25.984,0.986173881714,,63.744,0.146954695346,20.096,0.999814346173,,
77.312,0.0206609793966,27.52,0.990513396922,,70.144,0.0353041170861,24.704,0.998627225029,,68.096,0.0901247042617,26.24,0.978868956831,,64.256,0.146093503192,20.352,0.999808408496,,
78.336,0.0206238219825,27.776,0.989049941068,,71.168,0.0351233228192,24.96,0.99858716583,,69.12,0.0896730089001,26.496,0.968568003697,,64.768,0.145294623232,20.608,0.999801917619,,
79.36,0.020561892959,28.032,0.984215947517,,72.192,0.0349808003266,25.216,0.99852677808,,70.144,0.0892820879891,26.752,0.954578191163,,65.28,0.144553074919,20.864,0.999793877783,,
80.384,0.0205043353959,28.288,0.971014978387,,73.216,0.0348566163924,25.472,0.998443470889,,71.168,0.0889394183087,27.008,0.936301148315,,66.048,0.143227658763,21.12,0.999784657788,,
81.408,0.0204657208283,28.544,0.950369979705,,74.24,0.0347501730203,25.728,0.998299975247,,72.192,0.0886413779471,27.264,0.91358146689,,67.072,0.142136771097,21.376,0.999773593793,,
82.432,0.0204336634515,28.8,0.926656021585,,75.264,0.0346528989274,25.984,0.998067990627,,73.216,0.0883690592974,27.52,0.886237653114,,68.096,0.141213119178,21.632,0.999761312759,,
83.456,0.0204074346886,29.056,0.887627861169,,76.288,0.0345622027958,26.24,0.997649063073,,74.24,0.0881171215747,27.776,0.854675904415,,69.12,0.140416674153,21.888,0.999745417487,,
84.48,0.0203761058884,29.312,0.806164580143,,77.312,0.0344699120068,26.496,0.997005524981,,75.264,0.0878735940537,28.032,0.819320217743,,70.144,0.139724857537,22.144,0.999726682456,,
85.504,0.0203557057395,29.568,0.671571077042,,78.336,0.0343917738011,26.752,0.995956013803,,76.288,0.0876428966945,28.288,0.780691689525,,71.168,0.139116677241,22.4,0.999703595588,,
86.528,0.0203374913208,29.824,0.520677778927,,79.36,0.0343202135565,27.008,0.994210748063,,77.312,0.0874131815486,28.544,0.739984115459,,72.192,0.138567673238,22.656,0.999673243363,,
87.552,0.0203170911719,30.08,0.402148053072,,80.384,0.034243670008,27.264,0.991548903913,,78.336,0.0871935340896,28.8,0.6974532563,,73.216,0.13806611357,22.912,0.999635920822,,
88.576,0.020290862409,30.336,0.329578416904,,81.408,0.0341699171097,27.52,0.98757925643,,79.36,0.0869792888039,29.056,0.654176903951,,74.24,0.137599417741,23.168,0.999588751325,,
89.6,0.0202719194136,30.592,0.287426663306,,82.432,0.0341011475154,27.776,0.981976349527,,80.384,0.086774374545,29.312,0.610703038256,,75.264,0.137158915907,23.424,0.999523990078,,
90.624,0.0202551621484,30.848,0.258934802277,,83.456,0.0340409492038,28.032,0.974051404125,,81.408,0.0865692147327,29.568,0.567668391175,,76.288,0.136743058564,23.68,0.999433892283,,
91.648,0.0202282048088,31.104,0.236110281488,,84.48,0.0339805515601,28.288,0.963294811397,,82.432,0.0863631340954,29.824,0.525766284877,,77.312,0.136345131195,23.936,0.999302673308,,
92.672,0.0201808473202,31.36,0.217121049434,,85.504,0.0339315158493,28.544,0.948626766641,,83.456,0.0861568079049,30.08,0.4851227891,,78.336,0.135961813435,24.192,0.999109164045,,
93.696,0.0199251168819,31.616,0.200886814911,,86.528,0.0338810848134,28.8,0.928642009067,,84.48,0.0859639257594,30.336,0.446357634185,,79.36,0.135593105283,24.448,0.998804572277,,
94.72,0.0188140373425,31.872,0.183823604399,,87.552,0.0338274644631,29.056,0.902102689467,,85.504,0.085772516934,30.592,0.409536310109,,80.384,0.135232771831,24.704,0.998298837089,,
95.744,0.0160680315823,32.128,0.162602401845,,88.576,0.0337786280845,29.312,0.868270203887,,86.528,0.0855844230786,30.848,0.374934463992,,81.408,0.134875869424,24.96,0.99745587135,,
96.768,0.0145547776784,32.384,0.138090791082,,89.6,0.0337335790169,29.568,0.827956897098,,87.552,0.0853889626231,31.104,0.342638147327,,82.432,0.134526234928,25.216,0.996045765254,,
97.792,0.0134232979901,32.64,0.115867969912,,90.624,0.0336861379634,29.824,0.783049138887,,88.576,0.0852037540194,31.36,0.312507419026,,83.456,0.134183056698,25.472,0.993767172472,,
98.816,0.0122721467295,33.024,0.0899482654879,,91.648,0.0336283316377,30.08,0.732655861179,,89.6,0.085011608534,31.616,0.284907046586,,84.48,0.133841243508,25.728,0.990217806164,,
99.84,0.0118095004951,33.536,0.0761506958882,,92.672,0.033531256877,30.336,0.674538731267,,90.624,0.0848070012167,31.872,0.259527563791,,85.504,0.133507067158,25.984,0.984940612719,,
100.864,0.0116003989686,34.048,0.0654927453674,,93.696,0.0332573744925,30.592,0.606077558597,,91.648,0.0844882729866,32.128,0.236283655679,,86.528,0.133181745117,26.24,0.977465040451,,
101.888,0.0114816409588,34.56,0.0581761945486,,94.72,0.0324817730675,30.848,0.530356502963,,92.672,0.0837762910887,32.384,0.21507355807,,87.552,0.13285660754,26.496,0.967382459165,,
102.912,0.0113847402515,35.072,0.0531258513758,,95.744,0.0308428640682,31.104,0.455680374619,,93.696,0.0821881134997,32.64,0.195767088925,,88.576,0.13253054764,26.752,0.95435372055,,
103.936,0.0113206254977,35.584,0.0491383166106,,96.768,0.0283103490067,31.36,0.389416877559,,94.72,0.0795607541925,33.024,0.162418943113,,89.6,0.132204709097,27.008,0.938029718701,,
104.96,0.011253596437,36.096,0.0456781795746,,97.792,0.0258485968611,31.616,0.335802521298,,95.744,0.0764262658581,33.536,0.135091639932,,90.624,0.131856144497,27.264,0.918507779887,,
105.984,0.0111967674507,36.608,0.0423965127646,,98.816,0.0244335378747,31.872,0.292998369331,,96.768,0.073431129042,34.048,0.112818787951,,91.648,0.131379192427,27.52,0.895580343575,,
107.008,0.0110393948733,37.12,0.0394805278057,,99.84,0.0235548817243,32.128,0.258281193262,,97.792,0.0709084982326,34.56,0.0946269373095,,92.672,0.130407395207,27.776,0.869621188376,,
108.032,0.010282403633,37.632,0.0368122158135,,100.864,0.023006718291,32.384,0.229182270157,,98.816,0.0689770370798,35.072,0.0798662826061,,93.696,0.128409605021,28.032,0.840800699805,,
109.056,0.00807481608901,38.144,0.0343857491889,,101.888,0.0226736342558,32.64,0.203579458918,,99.84,0.0675720422794,35.584,0.0679068434262,,94.72,0.125290896306,28.288,0.809499184233,,
110.08,0.00610255883439,38.656,0.0321989425821,,102.912,0.0224685214657,33.024,0.160295792349,,100.864,0.0665541009249,36.096,0.0580770252944,,95.744,0.121491770898,28.544,0.776178821589,,
111.104,0.00489312143407,39.168,0.030156369056,,103.936,0.0223130423828,33.536,0.1262508535,,101.888,0.0658041196483,36.608,0.050031149168,,96.768,0.117626238178,28.8,0.741120452933,,
112.128,0.00357585467517,39.68,0.028329416701,,104.96,0.022196831735,34.048,0.100402704574,,102.912,0.0652271920853,37.12,0.0433440519206,,97.792,0.114136386378,29.056,0.704951886192,,
113.152,0.0028319778163,40.192,0.0266532534758,,105.984,0.0220708538114,34.56,0.0812043828352,,103.936,0.064771322317,37.632,0.0377693022034,,98.816,0.111240289729,29.312,0.668039118301,,
114.176,0.00248517528464,40.704,0.024944310005,,107.008,0.0218338478761,35.072,0.0666027048131,,104.96,0.0643274232738,38.144,0.0330921395458,,99.84,0.108931971575,29.568,0.630933984427,,
115.2,0.00234455997243,41.216,0.0231086162511,,108.032,0.0212364493999,35.584,0.0551563365084,,105.984,0.0636729008566,38.656,0.0290616520291,,100.864,0.107148529434,29.824,0.594009304303,,
116.224,0.00223818776734,41.728,0.0211119350689,,109.056,0.0198564728733,36.096,0.0465320491536,,107.008,0.0623450098037,39.168,0.0256003810326,,101.888,0.105788987299,30.08,0.557340386851,,
117.248,0.00215002998093,42.24,0.0191043271381,,110.08,0.0175671430439,36.608,0.0401201855718,,108.032,0.0600377292701,39.68,0.0225713929724,,102.912,0.10472632274,30.336,0.521600070456,,
118.272,0.00207790088296,42.752,0.0173028705297,,111.104,0.0149786156461,37.12,0.0350545901266,,109.056,0.0570176687903,40.192,0.0199258926001,,103.936,0.10386542573,30.592,0.486757781612,,
119.296,0.00202762908741,43.264,0.0157031945442,,112.128,0.0132069514299,37.632,0.0311849909937,,110.08,0.0539067535762,40.704,0.0175959962118,,104.96,0.103090821333,30.848,0.453161888625,,
120.32,0.00198027159884,43.776,0.0144305925649,,113.152,0.0121696268821,38.144,0.0281094010771,,111.104,0.0511976863965,41.216,0.0155612036652,,105.984,0.102097404843,31.104,0.421028729469,,
121.344,0.00194821422196,44.288,0.0131703742339,,114.176,0.011461001062,38.656,0.0256701744708,,112.128,0.0490439380862,41.728,0.0137478617554,,107.008,0.100364801188,31.36,0.390324411439,,
122.368,0.00191907115208,44.8,0.0119079705531,,115.2,0.0110324369233,39.168,0.0236522670119,,113.152,0.0474475344603,42.24,0.0121496485821,,108.032,0.0975610107031,31.616,0.361305471687,,
123.392,0.00189867100316,45.312,0.0103753119587,,116.224,0.0107613451891,39.68,0.022005455226,,114.176,0.0462845324726,42.752,0.0107425040985,,109.056,0.0939177211195,31.872,0.333865142668,,
124.416,0.00187025651002,45.824,0.00867146763716,,117.248,0.0105899195336,40.192,0.020541201784,,115.2,0.0454328307266,43.264,0.00950022003895,,110.08,0.090012676049,32.128,0.308152898945,,
125.44,0.00184694205411,46.336,0.00699457596203,,118.272,0.0104671309246,40.704,0.0192886044132,,116.224,0.044804152798,43.776,0.00839910462254,,111.104,0.0863812291027,32.384,0.283987586051,,
126.464,0.00182071329121,46.848,0.00531039978788,,119.296,0.0103658701885,41.216,0.0181719293029,,117.248,0.0443197374544,44.288,0.00743707100844,,112.128,0.0832679436522,32.64,0.261389598613,,
127.488,0.00179958456554,47.36,0.00382873268657,,120.32,0.0102783633714,41.728,0.0171226174243,,118.272,0.0439275887767,44.8,0.00656919074155,,113.152,0.0807588909521,33.024,0.220912048583,,
128.512,0.00178064157011,47.872,0.00271347588612,,121.344,0.0101962385225,42.24,0.01615561624,,119.296,0.0436064050132,45.312,0.00579847132773,,114.176,0.0787999490435,33.536,0.186325006092,,
129.536,0.00176679861192,48.384,0.00206661237287,,122.368,0.0101266715995,42.752,0.0152400343273,,120.32,0.0433176956784,45.824,0.00511484682895,,115.2,0.0772780410315,34.048,0.156834703296,,
130.56,0.00175368423047,48.896,0.00164848212894,,123.392,0.010061489984,43.264,0.0142911693978,,121.344,0.0430715898474,46.336,0.00451291601018,,116.224,0.0761072063407,34.56,0.132015508327,,
132.096,0.00173838411878,49.408,0.00134253316997,,124.416,0.00999272038961,43.776,0.0133279549041,,122.368,0.0428490571366,46.848,0.00399028514225,,117.248,0.0752016319671,35.072,0.111201258079,,
134.144,0.0017201697001,49.92,0.00114148099693,,125.44,0.00992634278115,44.288,0.0122911988941,,123.392,0.042646045916,47.36,0.00353111878605,,118.272,0.0744758000504,35.584,0.0937903662923,,
136.192,0.00170705531865,50.432,0.00100089016578,,126.464,0.00984800524323,44.8,0.0113094495467,,124.416,0.0424602848173,47.872,0.00312964744052,,119.296,0.0738905302768,36.096,0.0793073393634,,
138.24,0.00169904097443,50.944,0.000850101036001,,127.488,0.00977764099162,45.312,0.0103719446888,,125.44,0.0422842844637,48.384,0.00279348193686,,120.32,0.0733889337159,36.608,0.0672596082586,,
140.288,0.00168811232322,51.456,0.000740833550654,,128.512,0.00970747607217,45.824,0.00945078239006,,126.464,0.0421173695836,48.896,0.00250838265541,,121.344,0.072957987156,37.12,0.0572139807142,,
142.336,0.00167426936502,51.968,0.000661432511302,,129.536,0.00964428777823,46.336,0.00849035808939,,127.488,0.0419554885468,49.408,0.0022590665561,,122.368,0.072578321798,37.632,0.0488054555524,,
144.384,0.00166916932779,52.48,0.000600242719507,,130.56,0.00958987009922,46.848,0.00749764726938,,128.512,0.0418052099051,49.92,0.00204246475541,,123.392,0.0722359183203,38.144,0.0418055612873,,
146.432,0.00166042640683,52.992,0.000554350375662,,132.096,0.00951731319388,47.36,0.00650134905833,,129.536,0.0416536421085,50.432,0.00186152338152,,124.416,0.0719238408484,38.656,0.0359320554198,,
148.48,0.0016538692161,53.504,0.000519384780351,,134.144,0.00945253024267,47.872,0.00549986906023,,130.56,0.0415051437285,50.944,0.00170605374106,,125.44,0.0716369981549,39.168,0.0309811022918,,
150.528,0.00164585487188,54.016,0.000477863135919,,136.192,0.00938156799459,48.384,0.00455758101425,,132.096,0.0412292645555,51.456,0.00157752889814,,126.464,0.0713567224066,39.68,0.0267841235072,,
152.576,0.00164221198815,54.528,0.000450182039631,,138.24,0.00931877836497,48.896,0.00372550559294,,134.144,0.0409606292059,51.968,0.00146907455362,,127.488,0.0710868135776,40.192,0.0231966232984,,
154.624,0.00163711195092,55.04,0.000423229393245,,140.288,0.00925718472829,49.408,0.00306084175341,,136.192,0.0407043942997,52.48,0.00137129992383,,128.512,0.0708283415634,40.704,0.0201584135353,,
156.672,0.00162836902995,55.552,0.000401375896176,,142.336,0.00919180378061,49.92,0.00253050577829,,138.24,0.0404528862953,52.992,0.00128985175451,,129.536,0.0705805685049,41.216,0.0175375007639,,
158.72,0.00161962610898,56.064,0.000382436198715,,144.384,0.00912961214746,50.432,0.00213908155615,,140.288,0.040212244026,53.504,0.00122055636404,,130.56,0.0703347876658,41.728,0.0152858672481,,
160.768,0.00161306891826,56.576,0.000365681850962,,146.432,0.00906742051431,50.944,0.00182717783534,,142.336,0.0399679184566,54.016,0.00115991522516,,132.096,0.0698696413404,42.24,0.0133625024484,,
162.816,0.00159995453681,57.088,0.000346742153502,,148.48,0.00901041151725,51.456,0.00157865135621,,144.384,0.0397210145773,54.528,0.00110940140199,,134.144,0.0694293608639,42.752,0.0116957116806,,
164.864,0.00159266876934,57.6,0.000329259355846,,150.528,0.00894742255547,51.968,0.00137137987402,,146.432,0.0394746631929,55.04,0.00106379779249,,136.192,0.0690002958446,43.264,0.0102475085636,,
166.912,0.00158392584837,58.112,0.000319789507116,,152.576,0.00889121088704,52.48,0.00120775498279,,148.48,0.0392398528153,55.552,0.00102752358897,,138.24,0.0685872792589,43.776,0.00897909535692,,
168.96,0.0015766400809,58.624,0.000307405858777,,154.624,0.00883499921862,52.992,0.00107522081388,,150.528,0.0390070068644,56.064,0.000996343732143,,140.288,0.0681785791484,44.288,0.00785739071696,,
171.008,0.00157154004367,59.136,0.000294293760535,,156.672,0.00878317285766,53.504,0.000969392778263,,152.576,0.0387795630869,56.576,0.00096633005106,,142.336,0.0677738634767,44.8,0.00687778464606,,
173.056,0.00156571142969,59.648,0.000281910112196,,158.72,0.00872676185707,54.016,0.000874924814263,,154.624,0.0385554342795,57.088,0.000939753519549,,144.384,0.0673750506771,45.312,0.00604038778416,,
175.104,0.00155988281572,60.16,0.000272440263466,,160.768,0.00866556688471,54.528,0.000799988201469,,156.672,0.0383305074237,57.6,0.000917534802674,,146.432,0.0669801854232,45.824,0.00529504335629,,
177.152,0.00155405420174,60.672,0.000265155764443,,162.816,0.00861732850258,55.04,0.000742988543866,,158.72,0.0380988892395,58.112,0.000899796655776,,148.48,0.0665891201433,46.336,0.00464606632031,,
179.2,0.00155113989475,61.184,0.000254229015908,,164.864,0.00856510347731,55.552,0.000693362967841,,160.768,0.037874023772,58.624,0.000882488152575,,150.528,0.0662043266651,46.848,0.00408619131985,,
181.248,0.00154531128077,61.696,0.000246216066982,,166.912,0.00851686509519,56.064,0.000654300265427,,162.816,0.0376481147029,59.136,0.00086689822416,,152.576,0.0658220419075,47.36,0.00360206780156,,
183.296,0.00153729693655,62.208,0.000240388467764,,168.96,0.00846663339149,56.576,0.000623010243596,,164.864,0.0374318436022,59.648,0.000853088248202,,154.624,0.0654393882204,47.872,0.00318348001055,,
185.344,0.00153583978306,62.72,0.000229461719229,,171.008,0.00841919233799,57.088,0.000602880993883,,166.912,0.0372147130648,60.16,0.000839155516901,,156.672,0.0650626742984,48.384,0.00281604475401,,
187.392,0.00153001116908,63.232,0.000224362569913,,173.056,0.00836896063429,57.6,0.000579164353132,,168.96,0.0369996697308,60.672,0.000827371004083,,158.72,0.0646932282878,48.896,0.00250584722888,,
189.44,0.00152709686209,63.744,0.000221448770304,,175.104,0.00832251624158,58.112,0.000563818291469,,171.008,0.03678192531,61.184,0.00081589337962,,160.768,0.0643220114155,49.408,0.00224278232022,,
191.488,0.00152053967137,64.256,0.000219263420597,,177.152,0.00827487585593,58.624,0.000551262422836,,173.056,0.0365676800244,61.696,0.000805704686247,,162.816,0.0639478800001,49.92,0.00201320443485,,
193.536,0.00151762536438,64.768,0.000213435821378,,179.2,0.0082290294597,59.136,0.000537710056693,,175.104,0.0363467434103,62.208,0.000795086349176,,164.864,0.0635838572532,50.432,0.00181486389387,,
195.584,0.00150961102016,65.28,0.000211250471671,,181.248,0.00818118974189,59.648,0.000524356990051,,177.152,0.0361371022496,62.72,0.000787107251956,,166.912,0.0632176209293,50.944,0.00164820325709,,
197.632,0.00150523955968,66.048,0.000203965972648,,183.296,0.00813016070956,60.16,0.000514192715444,,179.2,0.0359260491573,63.232,0.000778882644052,,168.96,0.0628661786787,51.456,0.00150971892623,,
199.68,0.00150159667594,67.072,0.00019522457382,,185.344,0.00808052700233,60.672,0.00050442703984,,181.248,0.0357188021417,63.744,0.000770903546832,,171.008,0.0625123752792,51.968,0.00138417946891,,
201.728,0.00150013952245,68.096,0.000192310774211,,187.392,0.00802770398058,61.184,0.000496455059756,,183.296,0.0354987249643,64.256,0.000762985827282,,173.056,0.0621501971799,52.48,0.0012770431224,,
203.776,0.00149649663871,69.12,0.000183569375383,,189.44,0.00797846893767,61.696,0.000488881678676,,185.344,0.035284909397,64.768,0.000755681884442,,175.104,0.0617991976447,52.992,0.00117938493116,,
205.824,0.00149503948522,70.144,0.000177741776165,,191.488,0.00793222387712,62.208,0.000483101993115,,187.392,0.035073917693,65.28,0.000749359984336,,177.152,0.0614465010338,53.504,0.001093565214,,
209.92,0.00149358233172,71.168,0.000173371076751,,193.536,0.00788259016989,62.72,0.000476126510541,,189.44,0.0348659340174,66.048,0.000733340412225,,179.2,0.0610889714463,54.016,0.00102057973045,,
211.968,0.00149285375498,72.192,0.000171185727044,,195.584,0.00782916915167,63.232,0.00046755663195,,191.488,0.0346565384101,67.072,0.000719407680924,,181.248,0.0607330282557,54.528,0.000953937603718,,
214.016,0.00149212517823,73.216,0.000168271927435,,197.632,0.00778172809818,63.744,0.000459783951368,,193.536,0.0344488002878,68.096,0.000705597704966,,183.296,0.0603805161095,55.04,0.000895482832903,,
216.064,0.00148921087124,74.24,0.000166086577728,,199.68,0.00773946968078,64.256,0.000453804966304,,195.584,0.0342453593489,69.12,0.000691726351337,,185.344,0.0600309922924,55.552,0.000842928859142,,
218.112,0.00148775371775,75.264,0.000163901228021,,201.728,0.00769581593828,64.768,0.000448025280743,,197.632,0.0340396470416,70.144,0.0006787142851,,187.392,0.0596826859426,56.064,0.000798267201441,,
220.16,0.0014855679875,76.288,0.000160987428412,,203.776,0.00765355752088,65.28,0.000440053300659,,199.68,0.0338460282362,71.168,0.000667359415979,,189.44,0.0593315019427,56.576,0.000757736101678,,
222.208,0.00148411083401,77.312,0.0001573451789,,205.824,0.00760890711759,66.048,0.000422315644971,,201.728,0.033650076674,72.192,0.000656004546858,,191.488,0.0589884712849,57.088,0.000722183799428,,
224.256,0.00148119652702,78.336,0.000156616728998,,207.872,0.00756505404293,67.072,0.000407567481815,,203.776,0.0334512398602,73.216,0.00064618411951,,193.536,0.0586491299222,57.6,0.000688881176055,,
226.304,0.00147755364328,79.36,0.000152974479486,,209.92,0.00752817759379,68.096,0.00039102562314,,205.824,0.0332586646564,74.24,0.000633172053273,,195.584,0.0583151380374,58.112,0.000659340310805,,
228.352,0.00147682506654,80.384,0.000149332229975,,211.968,0.00748512184776,69.12,0.000375679561477,,207.872,0.0330619150459,75.264,0.00062101927443,,197.632,0.0579816995468,58.624,0.000633303043804,,
230.4,0.00147391075955,81.408,0.000137677031538,,214.016,0.00744704940567,70.144,0.000361130697823,,209.92,0.0328777500439,76.288,0.00060972578298,,199.68,0.0576531678188,59.136,0.000608740976068,,
232.448,0.00147245360605,82.432,0.000123836483394,,216.064,0.00740499032043,71.168,0.000348176230186,,211.968,0.0326875689851,77.312,0.000597634381807,,201.728,0.0573233817304,59.648,0.000585580347631,,
234.496,0.00146881072232,83.456,0.000107810585543,,218.112,0.00736891119992,72.192,0.000335221762549,,214.016,0.0325025445464,78.336,0.000586402268028,,203.776,0.0570008266604,60.16,0.000565812677501,,
236.544,0.00146589641533,84.48,9.46984873009e-05,,220.16,0.00732984209704,73.216,0.000321868695908,,216.064,0.0323210192428,79.36,0.000574249489184,,205.824,0.0566721842534,60.672,0.0005471882868,,
238.592,0.00146152495485,85.504,8.30432888639e-05,,222.208,0.00729137099063,74.24,0.000309910725781,,218.112,0.0321397394925,80.384,0.000561298800619,,207.872,0.056351473831,61.184,0.000530739815012,,
240.64,0.0014593392246,86.528,6.84742908176e-05,,224.256,0.00724871390892,75.264,0.000301141547688,,220.16,0.0319506020354,81.408,0.000546322648913,,209.92,0.0560285498314,61.696,0.000515950942396,,
242.688,0.00145715349436,87.552,6.26466915991e-05,,226.304,0.00721323278488,76.288,0.000292970268102,,222.208,0.0317633676167,82.432,0.000532942316651,,211.968,0.0557079500878,62.208,0.000500719510001,,
244.736,0.00145423918737,88.576,5.82759921852e-05,,228.352,0.007174163682,77.312,0.000283603191503,,224.256,0.0315822720314,83.456,0.000518764074667,,214.016,0.0553892687777,62.72,0.000488290956206,,
246.784,0.00145278203388,89.6,5.3176842869e-05,,230.4,0.00712831728577,78.336,0.000275431911916,,226.304,0.0313954059426,84.48,0.000505445120076,,216.064,0.0550767116973,63.232,0.00047560424254,,
248.832,0.00145132488039,90.624,4.88061434551e-05,,232.448,0.007083068886,79.36,0.000267459931832,,228.352,0.0312098290089,85.504,0.000490407590699,,218.112,0.0547569604916,63.744,0.000464650888009,,
250.88,0.00144768199665,91.648,4.37069941389e-05,,234.496,0.00704798642628,80.384,0.000260085850253,,230.4,0.0310284264819,86.528,0.000476229348715,,220.16,0.0544416733329,64.256,0.000455541532557,,
252.928,0.00144476768966,92.672,3.86078448227e-05,,236.544,0.0070089173234,81.408,0.000251515971663,,232.448,0.0308467784016,87.552,0.000460516664958,,222.208,0.0541271978192,64.768,0.000446137137253,,
254.976,0.00144331053617,93.696,3.13233457996e-05,,238.592,0.00696865222758,82.432,0.00024274679357,,234.496,0.0306616925746,88.576,0.000444374337505,,224.256,0.0538145669529,65.28,0.00043794978134,,
257.024,0.00143893907568,94.72,2.40388467764e-05,,240.64,0.00692878579607,83.456,0.000230390224439,,236.544,0.0304807197659,89.6,0.000428538898406,,226.304,0.0535004603687,66.048,0.000422017629295,,
259.072,0.00143748192219,95.744,2.03965972648e-05,,242.688,0.00688573005004,84.48,0.000216239959789,,238.592,0.0303015886073,90.624,0.000413746879713,,228.352,0.0531882353249,67.072,0.000407597556495,,
261.12,0.00143383903845,96.768,1.45689980463e-05,,244.736,0.00684865426874,85.504,0.000203285492152,,240.64,0.0301211069053,91.648,0.000397052153221,,230.4,0.0528752724222,68.096,0.000393878203344,,
264.192,0.00143165330821,97.792,1.1655198437e-05,,246.784,0.00680739251213,86.528,0.000194914913064,,242.688,0.02993706468,92.672,0.000380787070425,,232.448,0.0525597270128,69.12,0.000383330528611,,
268.288,0.00142946757797,98.816,8.74139882778e-06,,248.832,0.00676413743394,87.552,0.000185348536962,,244.736,0.0297541274446,93.696,0.000366240562416,,234.496,0.0522448087837,70.144,0.000372709093914,,
272.384,0.00142728184773,99.84,7.2844990231e-06,,250.88,0.00672526766322,88.576,0.000179568851401,,246.784,0.029572417976,94.72,0.000352062320432,,236.544,0.0519335060637,71.168,0.000363489098517,,
276.48,0.00142655327098,100.864,6.55604912081e-06,,252.928,0.00668280991367,89.6,0.000171796170819,,248.832,0.0293870865956,95.744,0.000337577190093,,238.592,0.0516238266335,72.192,0.00035449038301,,
280.576,0.00142436754074,101.888,5.82759921852e-06,,254.976,0.00664374081079,90.624,0.000165418586751,,250.88,0.0292072801653,96.768,0.000323644458793,,240.64,0.0513212675429,73.216,0.00034611862719,,
284.672,0.00142145323375,103.936,5.09914931623e-06,,257.024,0.00660088439692,91.648,0.000155453611646,,252.928,0.029023422105,97.792,0.000310079993519,,242.688,0.051003877486,74.24,0.000338336951075,,
288.768,0.00141926750351,105.984,4.37069941384e-06,,259.072,0.00655882531168,92.672,0.000149873225587,,254.976,0.0288426334613,98.816,0.000297436193308,,244.736,0.0506960058105,75.264,0.000331403514537,,
292.864,0.00141635319652,111.104,3.64224951155e-06,,261.12,0.00652015487311,93.696,0.000141303346996,,257.024,0.0286643617394,99.84,0.000286510967883,,246.784,0.0503818623333,76.288,0.000323400558533,,
301.056,0.00141416746628,130.56,2.91379960926e-06,,264.192,0.00644261466383,94.72,0.000134527163924,,259.072,0.028482897824,100.864,0.00027503334342,,248.832,0.0500671654618,77.312,0.000316725281865,,
305.152,0.00141198173604,142.336,2.18534970697e-06,,268.288,0.00637484173027,95.744,0.000129743975874,,261.12,0.028297811997,101.888,0.000262205410196,,250.88,0.0497518414102,78.336,0.000310234405106,,
309.248,0.00140906742905,154.624,1.45689980457e-06,,272.384,0.00634035726701,96.768,0.000123964290312,,264.192,0.0279306483713,102.912,0.000251402940113,,252.928,0.0494360377502,79.36,0.000304075448181,,
313.344,0.00140688169881,171.008,7.28449902287e-07,,276.48,0.00631583941164,97.792,0.000118583203755,,268.288,0.0276199006246,103.936,0.000241030113727,,254.976,0.049125657354,80.384,0.000297510811459,,
317.44,0.00140542454531,179.2,0.0,,280.576,0.00629650419235,98.816,0.000112604218692,,272.384,0.0274138813756,104.96,0.000230964175695,,257.024,0.0488190769317,81.408,0.000290503614957,,
321.536,0.00140469596857,,,,284.672,0.00627995962328,99.84,0.000106027335123,,276.48,0.0272642780057,105.984,0.000219732061915,,259.072,0.0484986247599,82.432,0.000283938978235,,
325.632,0.00140105308483,,,,288.768,0.00626002640752,100.864,0.00010104484757,,280.576,0.027139536911,107.008,0.000209911634567,,261.12,0.048183522066,83.456,0.000277853781273,,
329.728,0.00139741020109,,,,292.864,0.00624188718119,101.888,9.76567560339e-05,,284.672,0.0270231446297,108.032,0.000199047786813,,264.192,0.0475513613517,84.48,0.000271215384588,,
333.824,0.00139522447085,,,,296.96,0.00622255196191,102.912,9.16777709706e-05,,288.768,0.0269152853268,109.056,0.000188306694401,,268.288,0.0469931341112,85.504,0.000265794027294,,
337.92,0.00139303874061,,,,301.056,0.00620042609242,103.936,8.72931819241e-05,,292.864,0.0268071190823,110.08,0.000179161421433,,272.384,0.0465639584129,86.528,0.000260298910038,,
342.016,0.00139085301037,,,,305.152,0.0061840808555,104.96,8.05169988525e-05,,296.96,0.0266982161778,111.104,0.000169218238743,,276.48,0.0462361645439,87.552,0.000255135712616,,
346.112,0.00138502439639,,,,309.248,0.00616514430054,105.984,7.53352117976e-05,,301.056,0.0265899271566,112.128,0.000159827455091,,280.576,0.0459784672816,88.576,0.000249529955415,,
350.208,0.00138138151266,,,,313.344,0.00614919772793,107.008,7.27443182701e-05,,305.152,0.0264865492021,113.152,0.000149516006376,,284.672,0.0457551911426,89.6,0.000243776678287,,
354.304,0.00137701005217,,,,317.44,0.00613265315886,108.032,6.93562267343e-05,,309.248,0.026379181006,114.176,0.000139695579028,,288.768,0.0455460818967,90.624,0.000238355320994,,
358.4,0.00137191001494,,,,321.536,0.00611232127879,109.056,6.55695361942e-05,,313.344,0.0262748822265,115.2,0.000131532348795,,292.864,0.0453428755229,91.648,0.000233192123572,,
362.496,0.00136899570795,,,,325.632,0.00609497938108,110.08,6.31779421688e-05,,317.44,0.0261718112137,116.224,0.000123982895271,,296.96,0.0451459040579,92.672,0.000227623246352,,
366.592,0.00136535282422,,,,329.728,0.00607185685081,111.104,5.89926526245e-05,,321.536,0.0260684946476,117.248,0.000116310686405,,301.056,0.0449481578409,93.696,0.000222275649022,,
370.688,0.00136462424747,,,,333.824,0.00605670760683,112.128,5.6202459595e-05,,325.632,0.0259675108381,118.272,0.000109497764932,,305.152,0.0447530679163,94.72,0.000216485491913,,
374.784,0.00135660990325,,,,337.92,0.00603657505892,113.152,5.42094645739e-05,,329.728,0.025866035922,119.296,0.000102807598801,,309.248,0.0445596381746,95.744,0.000210658454822,,
378.88,0.00135005271253,,,,342.016,0.00601405052512,114.176,5.0821373038e-05,,333.824,0.0257670165392,120.32,9.69153423923e-05,,313.344,0.0443678686156,96.768,0.000205237097529,,
382.976,0.0013434955218,,,,346.112,0.00599431664152,115.2,4.88283780169e-05,,337.92,0.0256705754665,121.344,9.10230859834e-05,,317.44,0.0441784233126,97.792,0.000200737739776,,
387.072,0.00133985263807,,,,350.208,0.00597179210772,116.224,4.7233982e-05,,342.016,0.0255773879755,122.368,8.67266490185e-05,,321.536,0.0439913391584,98.816,0.000195131982574,,
391.168,0.00133475260084,,,,354.304,0.00595106156334,117.248,4.48423879748e-05,,346.112,0.0254807013494,123.392,8.18778130154e-05,,325.632,0.0438135151349,99.84,0.000189931905171,,
395.264,0.00132673825662,,,,358.4,0.00593132767974,118.272,4.08563979325e-05,,350.208,0.0253754203566,124.416,7.73972430378e-05,,329.728,0.0436355066467,100.864,0.000185100627583,,
399.36,0.00131945248915,,,,362.496,0.00590960047457,119.296,3.82655044051e-05,,354.304,0.0252799001089,125.44,7.28552953893e-05,,333.824,0.0434610398817,101.888,0.000180343109958,,
403.456,0.00131653818216,,,,366.592,0.00588747460508,120.32,3.60732098819e-05,,358.4,0.0251807579495,126.464,6.92953904755e-05,,337.92,0.0432913692003,102.912,0.000175069272591,,
407.552,0.00131070956818,,,,370.688,0.00586714272501,121.344,3.4279514363e-05,,362.496,0.0250829049451,127.488,6.51217088525e-05,,342.016,0.043120222801,103.936,0.000169647915298,,
411.648,0.00129905234022,,,,374.784,0.00584262486964,122.368,3.18879203376e-05,,366.592,0.0249782378356,128.512,6.23597136609e-05,,346.112,0.0429491132945,104.96,0.000164042158097,,
415.744,0.00128958084251,,,,378.88,0.00581970167152,123.392,2.92970268102e-05,,370.688,0.0248751668228,129.536,5.898394176e-05,,350.208,0.0427801066863,105.984,0.000159063360583,,
419.84,0.00128448080528,,,,382.976,0.00579717713772,124.416,2.79019302954e-05,,374.784,0.02477209581,130.56,5.56081698591e-05,,354.304,0.0426108787204,107.008,0.000155117202553,,
423.936,0.00127792361456,,,,387.072,0.00577465260392,125.44,2.69054327848e-05,,378.88,0.0246734447573,132.096,4.99614241338e-05,,358.4,0.0424401750364,108.032,0.000150359684928,,
428.032,0.00126918069359,,,,391.168,0.00574993541638,126.464,2.55103362701e-05,,382.976,0.0245696370844,134.144,4.44988114214e-05,,362.496,0.0422729023969,109.056,0.000145270247469,,
432.128,0.00126408065636,,,,395.264,0.00572661355395,127.488,2.43145392574e-05,,387.072,0.0244695127117,136.192,3.95272200764e-05,,366.592,0.0420993579557,110.08,0.000141065929569,,
436.224,0.00125898061913,,,,399.36,0.00570189636641,128.512,2.41152397553e-05,,391.168,0.0243679150189,138.24,3.57831821499e-05,,370.688,0.0419263669087,111.104,0.000136419051889,,
440.32,0.00125679488889,,,,403.456,0.00567279387141,129.536,2.23215442363e-05,,395.264,0.0242669312095,140.288,3.28370539454e-05,,374.784,0.0417571389428,112.128,0.00013203033408,,
444.416,0.00125242342841,,,,407.552,0.00565086733408,130.56,2.15243462279e-05,,399.36,0.0241649037983,142.336,3.00136810828e-05,,378.88,0.0415821925695,113.152,0.000128526735829,,
448.512,0.00124440908419,,,,411.648,0.00563113345049,132.096,1.85348536962e-05,,403.456,0.0240600525239,144.384,2.65151538401e-05,,382.976,0.0414094228802,114.176,0.000124027378076,,
452.608,0.00123493758647,,,,415.744,0.00561219689552,134.144,1.6342559173e-05,,407.552,0.023955324026,146.432,2.46738237123e-05,,387.072,0.0412400104496,115.2,0.000119749300212,,
456.704,0.00122838039575,,,,419.84,0.0055878783723,136.192,1.51467621604e-05,,411.648,0.0238502271982,148.48,2.25256052299e-05,,391.168,0.0410680892982,116.224,0.000116171941998,,
460.8,0.00122473751201,,,,423.936,0.00556515450634,138.24,1.41502646498e-05,,415.744,0.0237462353604,150.528,2.06228974312e-05,,395.264,0.0408911138126,117.248,0.000112115144023,,
464.896,0.00121890889803,,,,428.032,0.00554183264391,140.288,1.19579701267e-05,,419.84,0.0236434712893,152.576,1.86588119615e-05,,399.36,0.0407189344106,118.272,0.000107984586085,,
468.992,0.00121599459105,,,,432.128,0.00551871011364,142.336,1.05628736118e-05,,423.936,0.0235416894315,154.624,1.73698808721e-05,,403.456,0.0405483782984,119.296,0.000104185947982,,
473.088,0.00120943740032,,,,436.224,0.00549518891905,144.384,8.96847759491e-06,,428.032,0.0234391095254,156.672,1.56513060862e-05,,407.552,0.0403776377215,120.32,0.000100903629621,,
477.184,0.00120215163285,,,,440.32,0.00547067106367,146.432,8.37057908865e-06,,432.128,0.0233372048909,158.72,1.4055486642e-05,,411.648,0.0402077825754,121.344,9.68468316463e-05,,
481.28,0.00119195155839,,,,444.416,0.00544974118713,148.48,7.57338108015e-06,,436.224,0.0232371419065,160.768,1.27051778817e-05,,415.744,0.0400406575076,122.368,9.35645132851e-05,,
485.376,0.00118685152116,,,,448.512,0.00542621999254,150.528,6.97548257389e-06,,440.32,0.0231417444355,162.816,1.19686458305e-05,,419.84,0.0398724625443,123.392,9.07985146661e-05,,
489.472,0.00118175148393,,,,452.608,0.00540489145168,152.576,6.77618307177e-06,,444.416,0.023040944791,164.864,1.09866030957e-05,,423.936,0.0397068131946,124.416,8.77005962129e-05,,
493.568,0.00117738002345,,,,456.704,0.00538336357867,154.624,6.57688356964e-06,,448.512,0.0229435828933,166.912,1.03114487155e-05,,428.032,0.0395406842366,125.44,8.41969979621e-05,,
497.664,0.00117373713971,,,,460.8,0.00536044038055,156.672,6.37758406752e-06,,452.608,0.0228476329272,168.96,9.57491666442e-06,,432.128,0.0393796465058,126.464,8.06933997114e-05,,
501.76,0.00117155140947,,,,464.896,0.00533970983616,158.72,6.17828456539e-06,,456.704,0.0227545682129,171.008,9.08389529708e-06,,436.224,0.039225360185,127.488,7.78905211108e-05,,
505.856,0.00116645137224,,,,468.992,0.00531977662041,160.768,5.77968556115e-06,,460.8,0.0226564082668,173.056,8.22460790406e-06,,440.32,0.039070446684,128.512,7.51614024734e-05,,
509.952,0.0011628084885,,,,473.088,0.0052982487474,166.912,5.58038605913e-06,,464.896,0.0225627910574,175.104,7.67220886577e-06,,444.416,0.0389141312509,129.536,7.22110039465e-05,,
514.048,0.00115843702802,,,,477.184,0.00528010952106,168.96,5.38108655701e-06,,468.992,0.0224707699448,177.152,7.24256516926e-06,,448.512,0.0387630546168,130.56,6.94818853091e-05,,
518.144,0.00115260841404,,,,481.28,0.00526017630531,179.2,5.18178705489e-06,,473.088,0.0223811429771,179.2,6.81292147275e-06,,452.608,0.0386135274867,132.096,6.43555678685e-05,,
522.24,0.0011504226838,,,,485.376,0.00523924642877,185.344,4.98248755276e-06,,477.184,0.0222894901944,181.248,6.44465544719e-06,,456.704,0.0384634838552,134.144,5.91923704464e-05,,
528.384,0.00114459406982,,,,489.472,0.00522150586674,187.392,4.78318805064e-06,,481.28,0.0221994335085,183.296,5.95363407985e-06,,460.8,0.0383211877435,136.192,5.46192527296e-05,,
536.576,0.00114167976283,,,,493.568,0.00520217064746,189.44,4.58388854851e-06,,485.376,0.0221089471041,185.344,5.83087873796e-06,,464.896,0.0381702586812,138.24,5.01936549393e-05,,
544.768,0.00113949403259,,,,497.664,0.00518702140349,199.68,4.38458904639e-06,,489.472,0.0220220212232,187.392,5.58536805428e-06,,468.992,0.0380252324911,140.288,4.55467772594e-05,,
552.96,0.00113512257211,,,,501.76,0.00517107483089,201.728,3.98599004225e-06,,493.568,0.0219312892655,189.44,5.21710202872e-06,,473.088,0.0378806859093,142.336,4.17112591744e-05,,
561.152,0.00112637965114,,,,505.856,0.00515233760808,226.304,3.58739103801e-06,,497.664,0.0218426445112,191.488,5.09434668683e-06,,477.184,0.037739570372,144.384,3.78388611079e-05,,
569.344,0.00112273676741,,,,509.952,0.00513100906722,228.352,3.38809153588e-06,,501.76,0.0217542453102,193.536,4.97159134505e-06,,481.28,0.0375987130853,146.432,3.47778226362e-05,,
577.536,0.00111982246042,,,,514.048,0.00511227184441,246.784,3.18879203376e-06,,505.856,0.0216657233326,195.584,4.78745833221e-06,,485.376,0.0374518422477,148.48,3.20487039988e-05,,
585.728,0.00111253669295,,,,518.144,0.00509532861102,254.976,2.98949253164e-06,,509.952,0.021578306345,197.632,4.48056997759e-06,,489.472,0.037312460679,150.528,2.87663856375e-05,,
593.92,0.00110889380921,,,,522.24,0.00507838537763,259.072,2.79019302951e-06,,514.048,0.0214885566007,199.68,4.29643696487e-06,,493.568,0.0371702752461,152.576,2.6406066816e-05,,
602.112,0.00110233661849,,,,528.384,0.00504170826064,264.192,2.59089352739e-06,,518.144,0.021401692108,201.728,4.17368162298e-06,,497.664,0.0370303033903,154.624,2.4082627976e-05,,
610.304,0.00109359369752,,,,536.576,0.00500283848992,276.48,2.39159402537e-06,,522.24,0.0213150731688,203.776,4.05092628109e-06,,501.76,0.03689140143,156.672,2.20173490072e-05,,
618.496,0.00108485077655,,,,544.768,0.00496994868393,280.576,2.19229452325e-06,,528.384,0.0211390728152,205.824,3.98954861014e-06,,505.856,0.0367460800963,158.72,1.96939101672e-05,,
626.688,0.00107537927884,,,,552.96,0.00492808893085,284.672,1.99299502113e-06,,536.576,0.0209704390616,207.872,3.86679326836e-06,,509.952,0.036609465499,160.768,1.82555908853e-05,,
634.88,0.0010593505904,,,,561.152,0.00489141181386,301.056,1.793695519e-06,,544.768,0.0207926584464,209.92,3.74403792647e-06,,514.048,0.0364697518938,162.816,1.63009518612e-05,,
643.072,0.0010469647857,,,,569.344,0.00485134605019,313.344,1.59439601688e-06,,552.96,0.0206174561411,211.968,3.68266025552e-06,,518.144,0.0363288946071,164.864,1.48626325794e-05,,
651.264,0.001034578981,,,,577.536,0.00481506759752,321.536,1.19579701263e-06,,561.152,0.0204410260692,216.064,3.55990491374e-06,,522.24,0.0361839790959,166.912,1.34980732607e-05,,
659.456,0.00101563598557,,,,585.728,0.00478118113074,358.4,9.96497510508e-07,,569.344,0.0202593779888,220.16,3.3757719009e-06,,528.384,0.0358949228253,168.96,1.20597539788e-05,,
667.648,0.000996692990144,,,,593.92,0.00473812538471,374.784,5.97898506371e-07,,577.536,0.0200787735102,222.208,3.25301655912e-06,,536.576,0.035608633526,171.008,1.10271144944e-05,,
675.84,0.000973378534235,,,,602.112,0.00469467097437,395.264,3.98599004248e-07,,585.728,0.0199009315066,224.256,3.19163888818e-06,,544.768,0.0353240044096,173.056,1.00313549916e-05,,
684.032,0.000954435538808,,,,610.304,0.00464862524598,444.416,1.99299502124e-07,,593.92,0.0197175031646,226.304,3.06888354629e-06,,552.96,0.035039449079,175.104,9.10935545184e-06,,
692.224,0.00093840685037,,,,618.496,0.00460098486032,452.608,0.0,,602.112,0.0195276904358,228.352,2.94612820451e-06,,561.152,0.0347524957067,177.152,8.15047593061e-06,,
700.416,0.000918735278196,,,,626.688,0.00455753044998,,,,610.304,0.0193345013487,230.4,2.82337286261e-06,,569.344,0.0344631811855,179.2,7.52351624367e-06,,
708.608,0.000890320785056,,,,634.88,0.00450231544234,,,,618.496,0.0191414964266,232.448,2.70061752072e-06,,577.536,0.0341750841316,181.248,6.71215664871e-06,,
716.8,0.000868463482641,,,,643.072,0.00444630310607,,,,626.688,0.0189525431345,236.544,2.63923984978e-06,,585.728,0.0338756240489,183.296,6.12207694339e-06,,
724.992,0.000847334756972,,,,651.264,0.00439128743059,,,,634.88,0.0187489180306,242.688,2.45510683705e-06,,593.92,0.0335795950106,185.344,5.67951716435e-06,,
733.184,0.000832034645281,,,,659.456,0.00433487643001,,,,643.072,0.0185465820817,246.784,2.39372916611e-06,,602.112,0.0332806145362,187.392,5.38447731169e-06,,
741.376,0.000820377417327,,,,667.648,0.00428604005141,,,,651.264,0.0183462105595,248.832,2.33235149516e-06,,610.304,0.0329787564117,189.44,5.0525574774e-06,,
749.568,0.000803620152141,,,,675.84,0.0042288317222,,,,659.456,0.0181411121356,250.88,2.27097382421e-06,,618.496,0.0326659041878,191.488,4.86815756939e-06,,
757.76,0.00079633438467,,,,684.032,0.0041706267322,,,,667.648,0.017932944295,252.928,2.14821848243e-06,,626.688,0.0323522403189,193.536,4.72063764312e-06,,
765.952,0.000784677156715,,,,692.224,0.0041100297563,,,,675.84,0.017723794241,257.024,2.08684081149e-06,,634.88,0.0320359939435,195.584,4.38871780883e-06,,
774.144,0.000781762849726,,,,700.416,0.0040556120773,,,,684.032,0.0175150739054,259.072,2.02546314054e-06,,643.072,0.0317161320589,197.632,4.13055793769e-06,,
782.336,0.000778848542737,,,,708.608,0.00399999840534,,,,692.224,0.0173121240732,261.12,1.90270779876e-06,,651.264,0.0313877847956,199.68,3.94615802979e-06,,
790.528,0.000774477082254,,,,716.8,0.00394139475103,,,,700.416,0.0170987996125,264.192,1.84133012782e-06,,659.456,0.0310592161746,201.728,3.87239806654e-06,,
798.72,0.000769377045024,,,,724.992,0.00388996705438,,,,708.608,0.0168892198402,272.384,1.77995245687e-06,,667.648,0.0307240806083,203.776,3.7986381034e-06,,
806.912,0.000762091277552,,,,733.184,0.00385029995503,,,,716.8,0.0166921018997,276.48,1.59581944403e-06,,675.84,0.0304013041806,205.824,3.76175812178e-06,,
815.104,0.000757719817069,,,,741.376,0.00379986891917,,,,724.992,0.0164979305993,280.576,1.47306410225e-06,,684.032,0.0300705219825,207.872,3.65111817702e-06,,
823.296,0.000753348356586,,,,749.568,0.00375840783041,,,,733.184,0.016295901592,284.672,1.41168643131e-06,,692.224,0.029737083492,209.92,3.57735821388e-06,,
831.488,0.000751891203091,,,,757.76,0.00371555141653,,,,741.376,0.0161046155433,288.768,1.35030876036e-06,,700.416,0.0294020954975,211.968,3.46671826912e-06,,
839.68,0.000750434049597,,,,765.952,0.00367548565287,,,,749.568,0.0159182405612,292.864,1.28893108942e-06,,708.608,0.0290695055448,214.016,3.42983828761e-06,,
847.872,0.000745334012367,,,,774.144,0.00363462256057,,,,757.76,0.0157330933459,296.96,1.16617574764e-06,,716.8,0.0287449213625,216.064,3.28231836122e-06,,
856.064,0.000741691128631,,,,782.336,0.00359475612907,,,,765.952,0.0155502788872,313.344,1.10479807669e-06,,724.992,0.0284184556397,218.112,3.13479843483e-06,,
864.256,0.000736591091401,,,,790.528,0.00355688301913,,,,774.144,0.0153659911085,321.536,9.82042734798e-07,,733.184,0.0280973762877,220.16,3.09791845332e-06,,
872.448,0.000732948207665,,,,798.72,0.00352160122725,,,,782.336,0.0151867371732,325.632,9.20665063853e-07,,741.376,0.0277863318184,224.256,3.0610384717e-06,,
880.64,0.000728576747182,,,,806.912,0.00348313012084,,,,790.528,0.015012455693,333.824,7.97909722072e-07,,749.568,0.0274808950776,228.352,2.83975858217e-06,,
888.832,0.000723476709951,,,,815.104,0.00344426035012,,,,798.72,0.0148325878743,337.92,7.36532051127e-07,,757.76,0.0271774505562,230.4,2.76599861904e-06,,
897.024,0.000716919519227,,,,823.296,0.00340479258293,,,,806.912,0.0146556053074,346.112,6.75154380181e-07,,765.952,0.0268722351731,236.544,2.65535867428e-06,,
905.216,0.000714733788985,,,,831.488,0.00336373015848,,,,815.104,0.0144759830421,354.304,5.52399038289e-07,,774.144,0.0265693440459,242.688,2.61847869265e-06,,
913.408,0.000711819481997,,,,839.68,0.00332864769875,,,,823.296,0.0143036659885,358.4,4.91021367455e-07,,782.336,0.0262692198901,244.736,2.50783874789e-06,,
921.6,0.000706719444766,,,,847.872,0.00329137258529,,,,831.488,0.0141285250716,362.496,4.29643696509e-07,,790.528,0.0259716413478,246.784,2.47095876627e-06,,
929.792,0.000704533714525,,,,856.064,0.00325728678635,,,,839.68,0.0139539366497,370.688,3.68266025563e-07,,798.72,0.025678305495,248.832,2.39719880313e-06,,
937.984,0.000700890830789,,,,864.256,0.00321921434426,,,,847.872,0.0137795937811,374.784,3.06888354618e-07,,806.912,0.0253809852034,252.928,2.3603188215e-06,,
946.176,0.000699433677294,,,,872.448,0.00318173989864,,,,856.064,0.0136039617575,378.88,2.45510683672e-07,,815.104,0.025078241648,254.976,2.28655885837e-06,,
954.368,0.000696519370306,,,,880.64,0.00315403272875,,,,864.256,0.0134312149856,456.704,1.84133012726e-07,,823.296,0.0247876358735,257.024,2.24967887674e-06,,
962.56,0.00069287648657,,,,888.832,0.00312213958354,,,,872.448,0.0132721578122,493.568,1.22755341891e-07,,831.488,0.0244923815872,261.12,2.13903893198e-06,,
970.752,0.000689233602834,,,,897.024,0.0030960270709,,,,880.64,0.0131154333955,569.344,6.13776709457e-08,,839.68,0.0241958360476,264.192,1.91775904246e-06,,
978.944,0.000681947835362,,,,905.216,0.0030669245759,,,,888.832,0.0129716005289,823.296,0.0,,847.872,0.0239064846334,268.288,1.8071190977e-06,,
987.136,0.000679033528373,,,,913.408,0.00304121072758,,,,897.024,0.0128393086691,,,,856.064,0.0236218924099,272.384,1.73335913456e-06,,
995.328,0.000676847798132,,,,921.6,0.00301788886515,,,,905.216,0.0127013690826,,,,864.256,0.023340620552,276.48,1.6227191898e-06,,
1003.52,0.000675390644637,,,,929.792,0.00299775631723,,,,913.408,0.0125754616096,,,,872.448,0.0230637758482,288.768,1.51207924504e-06,,
1011.712,0.000667376300418,,,,937.984,0.00298280640542,,,,921.6,0.0124652081617,,,,880.64,0.0228115018497,292.864,1.40143930027e-06,,
1019.904,0.00066446199343,,,,946.176,0.00296566383987,,,,929.792,0.0123650224006,,,,888.832,0.0225756821073,296.96,1.32767933714e-06,,
1028.096,0.000663733416682,,,,954.368,0.00294872060648,,,,937.984,0.0122723874046,,,,897.024,0.0223433303023,305.152,1.25391937389e-06,,
1036.288,0.000660090532947,,,,962.56,0.0029293853872,,,,946.176,0.0121815940586,,,,905.216,0.0221148522572,313.344,1.21703939238e-06,,
1044.48,0.000657176225958,,,,970.752,0.00291104682871,,,,954.368,0.0120904937709,,,,913.408,0.0218975896691,325.632,1.06951946599e-06,,
1056.768,0.000653533342222,,,,978.944,0.00289350559884,,,,962.56,0.0119995162599,,,,921.6,0.0217036434261,329.728,9.58879521229e-07,,
1073.152,0.000649890458486,,,,987.136,0.0028725757223,,,,970.752,0.0119109942823,,,,929.792,0.0215296931624,333.824,9.21999539716e-07,,
1089.536,0.000643333267761,,,,995.328,0.00285722714617,,,,978.944,0.011822165363,,,,937.984,0.0213693563977,337.92,7.7447961333e-07,,
1105.92,0.000633861770048,,,,1003.52,0.00283908791983,,,,987.136,0.011735607812,,,,946.176,0.0212144428967,342.016,7.00719650193e-07,,
1122.304,0.000629490309565,,,,1011.712,0.00282334067939,,,,995.328,0.0116472086111,,,,954.368,0.0210568731033,354.304,6.26959686945e-07,,
1138.688,0.000614918774621,,,,1019.904,0.00280739410678,,,,1003.52,0.0115590549634,,,,962.56,0.0209005945631,358.4,5.90079705431e-07,,
1155.072,0.000606904430402,,,,1028.096,0.00278825821966,,,,1011.712,0.0114721290825,,,,970.752,0.0207468247436,362.496,4.7943976067e-07,,
1171.456,0.000601075816425,,,,1036.288,0.00276673034665,,,,1019.904,0.0113819496198,,,,978.944,0.0206002490496,366.592,4.42559779046e-07,,
1187.84,0.000595247202447,,,,1044.48,0.00274639846658,,,,1028.096,0.0112936731955,,,,987.136,0.0204512384207,428.032,4.05679797422e-07,,
1204.224,0.000588690011723,,,,1056.768,0.0027087246888,,,,1036.288,0.0112026342962,,,,995.328,0.0203038141888,432.128,3.68799815909e-07,,
1220.608,0.000582132820998,,,,1073.152,0.0026730442326,,,,1044.48,0.0111160153569,,,,1003.52,0.0201531433772,436.224,2.9503985266e-07,,
1236.992,0.000574847053526,,,,1089.536,0.00263397512973,,,,1056.768,0.0109363317033,,,,1011.712,0.0199991890929,440.32,2.58159871147e-07,,
1253.376,0.000566832709307,,,,1105.92,0.00260228131668,,,,1073.152,0.0107570163796,,,,1019.904,0.0198490347826,448.512,2.21279889523e-07,,
1269.76,0.000558818365088,,,,1122.304,0.00256759752126,,,,1089.536,0.0105781307743,,,,1028.096,0.0196954863209,452.608,1.84399907899e-07,,
1286.144,0.000551532597617,,,,1138.688,0.00253331239017,,,,1105.92,0.0103984471207,,,,1036.288,0.0195384330287,536.576,1.47519926386e-07,,
1302.528,0.000543518253397,,,,1155.072,0.00250161857712,,,,1122.304,0.0102274192222,,,,1044.48,0.0193868030004,585.728,1.10639944761e-07,,
1318.912,0.000538418216167,,,,1171.456,0.00246753277818,,,,1138.688,0.0100537516253,,,,1056.768,0.0190791895755,626.688,7.37599631373e-08,,
1335.296,0.000530403871948,,,,1187.84,0.00243464297219,,,,1155.072,0.00989033588013,,,,1073.152,0.0187683664639,675.84,3.68799816242e-08,,
1351.68,0.000520932374235,,,,1204.224,0.00240434448424,,,,1171.456,0.00972305266996,,,,1089.536,0.0184594986787,888.832,0.0,,
1368.064,0.000506360839291,,,,1220.608,0.00237245133903,,,,1187.84,0.00956792434993,,,,1105.92,0.0181696307632,,,,
1384.448,0.000497617918325,,,,1236.992,0.00233956153304,,,,1204.224,0.00940751663317,,,,1122.304,0.0178683260329,,,,
1400.832,0.000483774960129,,,,1253.376,0.00230527640194,,,,1220.608,0.00924238201469,,,,1138.688,0.0175773144359,,,,
1417.216,0.000472846308921,,,,1269.76,0.00227657257126,,,,1236.992,0.00908940228635,,,,1155.072,0.0172948988965,,,,
1433.6,0.000464831964702,,,,1286.144,0.00224467942605,,,,1253.376,0.00892660042456,,,,1171.456,0.0170168367253,,,,
1449.984,0.000455360466989,,,,1302.528,0.00221139095574,,,,1269.76,0.00876527188279,,,,1187.84,0.0167334250763,,,,
1466.368,0.000443703239034,,,,1318.912,0.0021759098317,,,,1286.144,0.00860959106775,,,,1204.224,0.0164627414953,,,,
1482.752,0.000435688894815,,,,1335.296,0.00213464807509,,,,1302.528,0.00844881502099,,,,1220.608,0.0161825395329,,,,
1499.136,0.000428403127343,,,,1351.68,0.00209318698632,,,,1318.912,0.00828011987914,,,,1236.992,0.0159032230014,,,,
1515.52,0.00042403166686,,,,1368.064,0.00205491521207,,,,1335.296,0.00811087224228,,,,1253.376,0.0156190734933,,,,
1531.904,0.000416017322641,,,,1384.448,0.00201744076646,,,,1351.68,0.00794033545041,,,,1269.76,0.015328283254,,,,
1548.288,0.000415288745894,,,,1400.832,0.00197996632084,,,,1368.064,0.00776820256186,,,,1286.144,0.0150321066439,,,,
1564.672,0.000407274401675,,,,1417.216,0.00194269120738,,,,1384.448,0.00760073518669,,,,1302.528,0.0147389552558,,,,
1581.056,0.000392702866731,,,,1433.6,0.00190282477587,,,,1400.832,0.00743609167488,,,,1318.912,0.0144377243114,,,,
1597.44,0.000381045638776,,,,1449.984,0.00187093163066,,,,1417.216,0.00727746421981,,,,1335.296,0.014131254568,,,,
1613.824,0.000365016950338,,,,1466.368,0.00183863982114,,,,1433.6,0.00711797732806,,,,1351.68,0.0138330119527,,,,
1630.208,0.000345345378164,,,,1482.752,0.00180295936494,,,,1449.984,0.00696033208633,,,,1368.064,0.0135397867787,,,,
1646.592,0.000337331033945,,,,1499.136,0.00176827556953,,,,1466.368,0.0068050196013,,,,1384.448,0.0132487382887,,,,
1662.976,0.000321302345507,,,,1515.52,0.00173438910275,,,,1482.752,0.0066472515829,,,,1400.832,0.0129656586762,,,,
1679.36,0.000304545080322,,,,1531.904,0.00169631666066,,,,1499.136,0.00649316686454,,,,1417.216,0.0126849402126,,,,
1695.744,0.000293616429114,,,,1548.288,0.00165864288289,,,,1515.52,0.00634080101954,,,,1433.6,0.0124087226889,,,,
1712.128,0.000283416354654,,,,1564.672,0.00162236443021,,,,1531.904,0.00618505881616,,,,1449.984,0.0121322100217,,,,
1728.512,0.000268116242963,,,,1581.056,0.00157930868418,,,,1548.288,0.00602692246776,,,,1466.368,0.0118604565451,,,,
1744.896,0.000259373321997,,,,1597.44,0.00153665160247,,,,1564.672,0.00586154229595,,,,1482.752,0.0115858623113,,,,
1761.28,0.000248444670789,,,,1613.824,0.00148522390583,,,,1581.056,0.00569198771742,,,,1499.136,0.0113136661193,,,,
1777.664,0.000239701749823,,,,1630.208,0.00143997550606,,,,1597.44,0.00551770623718,,,,1515.52,0.0110342389089,,,,
1794.048,0.000230230252109,,,,1646.592,0.00139891308161,,,,1613.824,0.00534121477691,,,,1531.904,0.0107501262938,,,,
1810.432,0.000221487331143,,,,1662.976,0.00135645533206,,,,1630.208,0.0051704324317,,,,1548.288,0.0104547244357,,,,
1826.816,0.00021201583343,,,,1679.36,0.00131339958603,,,,1646.592,0.00499903620316,,,,1564.672,0.0101460042223,,,,
1843.2,0.000201815758969,,,,1695.744,0.00127612447257,,,,1662.976,0.00482868357629,,,,1581.056,0.00983064327767,,,,
1859.584,0.000179229879807,,,,1712.128,0.00123227139791,,,,1679.36,0.00466379451115,,,,1597.44,0.00952070559687,,,,
1875.968,0.00016028688438,,,,1728.512,0.00118821899109,,,,1695.744,0.00450436900773,,,,1613.824,0.00920324175408,,,,
1892.352,0.000142801042448,,,,1744.896,0.00114516324506,,,,1712.128,0.00434715348434,,,,1630.208,0.00889518561379,,,,
1908.736,0.000126043777262,,,,1761.28,0.00110410082061,,,,1728.512,0.00419466486267,,,,1646.592,0.00859104012629,,,,
1925.12,0.000104186474847,,,,1777.664,0.00106383572479,,,,1744.896,0.00403757211595,,,,1662.976,0.00829855281128,,,,
1941.504,8.67006329146e-05,,,,1794.048,0.00102137797523,,,,1761.28,0.00388931928932,,,,1679.36,0.00801270622745,,,,
1957.888,7.35862514654e-05,,,,1810.432,0.000980514882936,,,,1777.664,0.00374168034603,,,,1695.744,0.00772608489164,,,,
1974.272,5.82861397745e-05,,,,1826.816,0.000931080507866,,,,1794.048,0.00358735007434,,,,1712.128,0.00744466546192,,,,
1990.656,4.73574885668e-05,,,,1843.2,0.000878656150434,,,,1810.432,0.00343381785099,,,,1728.512,0.00717195276861,,,,
2007.04,3.57002606119e-05,,,,1859.584,0.000824836467898,,,,1826.816,0.00327598844426,,,,1744.896,0.00690960699452,,,,
2023.424,2.47716094042e-05,,,,1875.968,0.000759455520225,,,,1843.2,0.00310919634076,,,,1761.28,0.00664829422305,,,,
2039.808,1.53001116908e-05,,,,1892.352,0.000701051198066,,,,1859.584,0.00294031703391,,,,1777.664,0.00638989599471,,,,
2056.192,1.23858047021e-05,,,,1908.736,0.000643842868852,,,,1875.968,0.00276241364196,,,,1794.048,0.00613467056015,,,,
2072.576,7.28576747178e-06,,,,1925.12,0.000591219179262,,,,1892.352,0.0025808883383,,,,1810.432,0.00586693841522,,,,
2088.96,3.64288373589e-06,,,,1941.504,0.000536203503781,,,,1908.736,0.00240304633469,,,,1826.816,0.00559086846339,,,,
2113.536,1.45715349431e-06,,,,1957.888,0.000484377142821,,,,1925.12,0.00222170519603,,,,1843.2,0.00531564704942,,,,
2146.304,7.28576747155e-07,,,,1974.272,0.000433547442648,,,,1941.504,0.00204067099905,,,,1859.584,0.0050323460792,,,,
2211.84,0.0,,,,1990.656,0.000384511731893,,,,1957.888,0.00186104873374,,,,1875.968,0.00474067040911,,,,
,,,,,2007.04,0.000334878024666,,,,1974.272,0.00168087397343,,,,1892.352,0.00444065693212,,,,
,,,,,2023.424,0.000285044985281,,,,1990.656,0.00150198836814,,,,1908.736,0.00413806094856,,,,
,,,,,2039.808,0.000243384564356,,,,2007.04,0.00132660189788,,,,1925.12,0.00384324937764,,,,
,,,,,2056.192,0.000202122807745,,,,2023.424,0.00116159005607,,,,1941.504,0.00354032135752,,,,
,,,,,2072.576,0.000166243019388,,,,2039.808,0.000995657389252,,,,1957.888,0.00324082438184,,,,
,,,,,2088.96,0.000135346534969,,,,2056.192,0.000836845769177,,,,1974.272,0.00293660510844,,,,
,,,,,2113.536,8.41181704816e-05,,,,2072.576,0.000691232640914,,,,1990.656,0.00264005956883,,,,
,,,,,2146.304,4.64443927066e-05,,,,2088.96,0.000558572451126,,,,2007.04,0.00235266348106,,,,
,,,,,2179.072,2.21258694869e-05,,,,2113.536,0.000344081612107,,,,2023.424,0.00206331206688,,,,
,,,,,2211.84,9.36861140433e-06,,,,2146.304,0.000195644620479,,,,2039.808,0.00178067516978,,,,
,,,,,2244.608,3.98664315082e-06,,,,2179.072,9.3126102688e-05,,,,2056.192,0.00150777801172,,,,
,,,,,2277.376,2.19265373291e-06,,,,2211.84,3.83677087541e-05,,,,2072.576,0.00125373315159,,,,
,,,,,2310.144,3.98664315115e-07,,,,2244.608,1.68204035178e-05,,,,2088.96,0.00102414831793,,,,
,,,,,2342.912,1.99332157558e-07,,,,2277.376,7.05965841075e-06,,,,2113.536,0.000649980009555,,,,
,,,,,2375.68,0.0,,,,2310.144,2.57831002826e-06,,,,2146.304,0.0003831701884,,,,
,,,,,,,,,,2342.912,6.1388334005e-07,,,,2179.072,0.000192581203875,,,,
,,,,,,,,,,2375.68,4.29718338024e-07,,,,2211.84,8.28984607486e-05,,,,
,,,,,,,,,,2408.448,3.68330004052e-07,,,,2244.608,3.63395566699e-05,,,,
,,,,,,,,,,2441.216,2.45553335998e-07,,,,2277.376,1.60853266072e-05,,,,
,,,,,,,,,,2605.056,1.84165002026e-07,,,,2310.144,6.6776241191e-06,,,,
,,,,,,,,,,3358.72,6.13883339717e-08,,,,2342.912,2.80386427098e-06,,,,
,,,,,,,,,,3588.096,0.0,,,,2375.68,1.99221935049e-06,,,,
,,,,,,,,,,,,,,,2408.448,1.51261098824e-06,,,,
,,,,,,,,,,,,,,,2441.216,1.36503918458e-06,,,,
,,,,,,,,,,,,,,,2473.984,1.25436033171e-06,,,,
,,,,,,,,,,,,,,,2506.752,1.14368147897e-06,,,,
,,,,,,,,,,,,,,,2539.52,1.10678852805e-06,,,,
,,,,,,,,,,,,,,,2572.288,9.96109675189e-07,,,,
,,,,,,,,,,,,,,,2605.056,9.59216724272e-07,,,,
,,,,,,,,,,,,,,,2670.592,9.22323773356e-07,,,,
,,,,,,,,,,,,,,,2736.128,8.85430822439e-07,,,,
,,,,,,,,,,,,,,,2768.896,8.48537871523e-07,,,,
,,,,,,,,,,,,,,,2801.664,7.74751969579e-07,,,,
,,,,,,,,,,,,,,,2834.432,7.00966067746e-07,,,,
,,,,,,,,,,,,,,,2932.736,6.64073116829e-07,,,,
,,,,,,,,,,,,,,,2998.272,6.27180165913e-07,,,,
,,,,,,,,,,,,,,,3063.808,5.53394263969e-07,,,,
,,,,,,,,,,,,,,,3096.576,5.16501313053e-07,,,,
,,,,,,,,,,,,,,,3129.344,4.79608362136e-07,,,,
,,,,,,,,,,,,,,,3162.112,4.4271541122e-07,,,,
,,,,,,,,,,,,,,,3227.648,4.05822460303e-07,,,,
,,,,,,,,,,,,,,,3260.416,3.32036558359e-07,,,,
,,,,,,,,,,,,,,,3293.184,2.2135770561e-07,,,,
,,,,,,,,,,,,,,,3325.952,1.10678852749e-07,,,,
,,,,,,,,,,,,,,,3358.72,7.37859018329e-08,,,,
,,,,,,,,,,,,,,,3457.024,3.68929509165e-08,,,,
,,,,,,,,,,,,,,,3522.56,0.0,,,,
,,,,,,,,,,,,,,,,,,,,
